exchange,symbol,timestamp,local_timestamp,asks[0].price,asks[0].amount,bids[0].price,bids[0].amount,asks[1].price,asks[1].amount,bids[1].price,bids[1].amount,asks[2].price,asks[2].amount,bids[2].price,bids[2].amount,asks[3].price,asks[3].amount,bids[3].price,bids[3].amount,asks[4].price,asks[4].amount,bids[4].price,bids[4].amount,asks[5].price,asks[5].amount,bids[5].price,bids[5].amount,asks[6].price,asks[6].amount,bids[6].price,bids[6].amount,asks[7].price,asks[7].amount,bids[7].price,bids[7].amount,asks[8].price,asks[8].amount,bids[8].price,bids[8].amount,asks[9].price,asks[9].amount,bids[9].price,bids[9].amount,asks[10].price,asks[10].amount,bids[10].price,bids[10].amount,asks[11].price,asks[11].amount,bids[11].price,bids[11].amount,asks[12].price,asks[12].amount,bids[12].price,bids[12].amount,asks[13].price,asks[13].amount,bids[13].price,bids[13].amount,asks[14].price,asks[14].amount,bids[14].price,bids[14].amount,asks[15].price,asks[15].amount,bids[15].price,bids[15].amount,asks[16].price,asks[16].amount,bids[16].price,bids[16].amount,asks[17].price,asks[17].amount,bids[17].price,bids[17].amount,asks[18].price,asks[18].amount,bids[18].price,bids[18].amount,asks[19].price,asks[19].amount,bids[19].price,bids[19].amount,asks[20].price,asks[20].amount,bids[20].price,bids[20].amount,asks[21].price,asks[21].amount,bids[21].price,bids[21].amount,asks[22].price,asks[22].amount,bids[22].price,bids[22].amount,asks[23].price,asks[23].amount,bids[23].price,bids[23].amount,asks[24].price,asks[24].amount,bids[24].price,bids[24].amount
binance-futures,BTCUSDT,1725148800263000,1725148801008613,58941.9,9.028,58941.8,7.522,58942,0.002,58941.7,0.029,58942.2,0.376,58941.3,0.004,58942.6,0.068,58941.2,0.002,58943,0.002,58941,0.002,58943.2,0.094,58940,0.481,58943.3,0.071,58939,0.002,58943.5,0.204,58938.9,0.039,58944,0.004,58938.5,0.002,58944.1,0.051,58938.4,0.004,58944.4,0.071,58938.1,0.008,58944.7,0.002,58938,0.081,58944.8,0.003,58937.9,0.005,58944.9,0.017,58937.8,0.008,58945,0.056,58937.3,0.002,58945.5,0.071,58937.1,0.002,58945.9,0.576,58937,0.002,58946,1.261,58936.9,0.002,58946.1,0.042,58936.7,0.002,58946.3,0.735,58936.5,0.204,58946.4,0.041,58936.4,0.42,58946.6,0.096,58936.3,0.034,58946.7,0.051,58936,0.095,58946.8,0.02,58935.9,0.012,58946.9,0.105,58935.8,0.004
binance-futures,BTCUSDT,1725148803238000,1725148803242248,58941.9,9.028,58941.8,7.407,58942,0.002,58941.7,0.029,58942.2,0.376,58941.3,0.004,58942.6,0.068,58941.2,0.002,58943,0.002,58941,0.002,58943.2,0.094,58940,0.481,58943.3,0.071,58939,0.002,58943.5,0.204,58938.9,0.039,58944,0.004,58938.5,0.002,58944.1,0.051,58938.4,0.004,58944.4,0.071,58938.1,0.008,58944.7,0.002,58938,0.081,58944.8,0.003,58937.9,0.005,58944.9,0.017,58937.8,0.008,58945,0.056,58937.3,0.002,58945.5,0.071,58937.1,0.002,58945.9,0.576,58937,0.002,58946,1.261,58936.9,0.002,58946.1,0.042,58936.7,0.002,58946.3,0.735,58936.5,0.204,58946.4,0.041,58936.4,0.42,58946.6,0.096,58936.3,0.034,58946.7,0.051,58936,0.095,58946.8,0.02,58935.9,0.012,58946.9,0.105,58935.8,0.004
binance-futures,BTCUSDT,1725148803478000,1725148803482968,58941.9,9.02,58941.8,7.196,58942,0.002,58941.7,0.029,58942.2,0.291,58941.3,0.004,58942.6,0.068,58941.2,0.002,58943,0.002,58941,0.002,58943.1,0.002,58940.6,0.002,58943.2,0.094,58940,0.549,58943.3,0.071,58939,0.002,58943.5,0.204,58938.9,0.039,58944,0.004,58938.5,0.002,58944.4,0.071,58938.4,0.004,58944.7,0.002,58938.1,0.008,58944.8,0.003,58938,0.081,58944.9,0.017,58937.9,0.005,58945,0.056,58937.8,0.008,58945.4,0.002,58937.3,0.002,58945.5,0.071,58937.1,0.002,58945.9,0.576,58937,0.002,58946,0.079,58936.9,0.002,58946.1,0.042,58936.7,0.004,58946.3,0.209,58936.5,0.204,58946.4,0.041,58936.4,0.084,58946.6,0.096,58936.3,0.034,58946.7,0.051,58936,0.095,58946.8,0.02,58935.9,0.012
binance-futures,BTCUSDT,1725148803529000,1725148803536983,58941.9,8.987,58941.8,1.856,58942,0.002,58941.7,0.029,58942.2,0.282,58941.3,0.004,58942.6,0.068,58941.2,0.002,58943,0.002,58941,0.002,58943.1,0.002,58940.6,0.002,58943.2,0.094,58940,0.549,58943.3,0.071,58939,0.002,58943.5,0.204,58938.9,0.039,58944,0.004,58938.5,0.002,58944.4,0.071,58938.4,0.004,58944.7,0.002,58938.1,0.008,58944.8,0.003,58938,0.081,58944.9,0.017,58937.9,0.005,58945,0.056,58937.8,0.008,58945.4,0.002,58937.3,0.002,58945.5,0.241,58937.1,0.002,58945.9,0.576,58937,0.002,58946,0.079,58936.9,0.002,58946.1,0.042,58936.7,0.172,58946.3,0.092,58936.5,0.204,58946.4,0.041,58936.4,0.084,58946.6,0.096,58936,0.095,58946.8,0.02,58935.9,0.012,58946.9,0.105,58935.8,0.004
binance-futures,BTCUSDT,1725148803580000,1725148803584395,58941.9,6.898,58941.8,0.69,58942,0.002,58941.7,0.029,58942.2,0.282,58941.3,0.004,58942.6,0.068,58941.2,0.002,58943,0.002,58941,0.002,58943.2,0.094,58940,0.481,58943.3,0.071,58939,0.002,58943.5,0.204,58938.9,0.039,58944,0.004,58938.5,0.002,58944.4,0.071,58938.4,0.004,58944.7,0.002,58938.1,0.008,58944.8,0.003,58938,0.081,58944.9,0.017,58937.9,0.005,58945,0.056,58937.3,0.002,58945.4,0.002,58937.1,0.002,58945.5,0.337,58937,0.002,58945.9,0.113,58936.9,0.002,58946,0.079,58936.7,0.002,58946.1,0.042,58936.5,0.204,58946.3,0.088,58936.4,0.082,58946.4,0.041,58936,0.095,58946.6,0.096,58935.9,0.012,58946.8,0.02,58935.8,0.004,58946.9,0.105,58935.7,0.085,58947,0.231,58935.6,0.014
binance-futures,BTCUSDT,1725148803632000,1725148803636690,58941.9,3.295,58941.8,4.932,58942,0.002,58941.7,0.029,58942.2,0.282,58941.3,0.004,58942.4,0.007,58941.2,0.002,58942.6,0.005,58941,0.002,58943,0.002,58940,0.268,58943.2,0.094,58939,0.002,58943.3,0.071,58938.5,0.002,58943.5,0.204,58938.4,0.004,58944,0.002,58938.1,0.008,58944.4,0.071,58938,0.081,58944.7,0.002,58937.9,0.005,58944.8,0.007,58937.8,0.002,58944.9,0.017,58937.3,0.002,58945,0.056,58937.1,0.002,58945.4,0.114,58937,0.002,58945.5,0.337,58936.9,0.002,58946,0.079,58936.8,0.078,58946.1,0.01,58936.7,0.002,58946.3,0.088,58936.5,0.204,58946.4,0.041,58936.4,0.082,58946.6,0.096,58936,0.095,58946.8,0.02,58935.8,0.17,58946.9,0.02,58935.7,0.085,58947,0.316,58935.6,0.168
binance-futures,BTCUSDT,1725148803683000,1725148803690281,58941.9,8.919,58941.8,5.751,58942,0.002,58941.7,0.029,58942.2,0.243,58941.3,0.004,58942.4,0.007,58941.2,0.002,58942.6,0.005,58941,0.002,58943,0.002,58940.6,0.002,58943.1,0.002,58940,0.472,58943.2,0.147,58939,0.002,58943.3,0.407,58938.5,0.002,58943.5,0.204,58938.4,0.004,58944,0.002,58938.1,0.045,58944.4,0.071,58938,0.081,58944.7,0.002,58937.9,0.005,58944.8,0.007,58937.8,0.002,58944.9,0.017,58937.3,0.002,58945,0.056,58937.1,0.002,58945.4,0.002,58937,0.002,58945.5,0.422,58936.9,0.002,58945.9,0.106,58936.7,0.002,58946,0.079,58936.5,0.204,58946.1,0.01,58936.4,0.082,58946.3,0.088,58936,0.129,58946.4,0.041,58935.9,0.007,58946.6,0.096,58935.8,0.014,58946.8,0.02,58935.7,0.085
binance-futures,BTCUSDT,1725148803734000,1725148803738392,58941.9,9.099,58941.8,4.384,58942,0.002,58941.7,0.029,58942.2,0.243,58941.3,0.004,58942.4,0.011,58941.2,0.002,58942.6,0.005,58941,0.002,58943,0.002,58940.6,0.002,58943.1,0.002,58940,0.404,58943.2,0.147,58939,0.002,58943.3,0.407,58938.5,0.002,58943.5,0.204,58938.4,0.004,58944,0.002,58938.1,0.045,58944.4,0.071,58938,0.081,58944.5,0.003,58937.9,0.005,58944.7,0.002,58937.8,0.01,58944.8,0.007,58937.3,0.002,58944.9,0.017,58937.1,0.002,58945,0.056,58937,0.002,58945.4,0.002,58936.9,0.002,58945.5,0.337,58936.7,0.002,58946,0.079,58936.5,0.204,58946.1,0.01,58936.4,0.082,58946.3,0.088,58936,0.129,58946.4,0.041,58935.9,0.007,58946.6,0.096,58935.8,0.014,58946.8,0.02,58935.7,0.085
binance-futures,BTCUSDT,1725148803785000,1725148803787636,58941.9,10.48,58941.8,0.193,58942,0.002,58941.7,0.029,58942.1,0.336,58941.3,0.004,58942.2,0.243,58941.2,0.002,58942.4,0.014,58941,0.002,58942.6,0.005,58940.6,0.002,58943,0.002,58940,0.268,58943.1,0.002,58939,0.002,58943.2,0.292,58938.5,0.002,58943.3,0.071,58938.4,0.004,58943.5,0.204,58938.1,0.045,58944,0.002,58938,0.081,58944.4,0.071,58937.9,0.005,58944.5,0.003,58937.8,0.01,58944.7,0.002,58937.3,0.002,58944.8,0.007,58937.1,0.002,58944.9,0.017,58937,0.002,58945,0.056,58936.9,0.002,58945.4,0.002,58936.7,0.002,58945.5,0.337,58936.5,0.204,58946,0.079,58936.4,0.082,58946.1,0.01,58936,0.129,58946.3,0.088,58935.9,0.007,58946.4,0.041,58935.8,0.014,58946.6,0.096,58935.7,0.085
binance-futures,BTCUSDT,1725148803838000,1725148803840328,58941.9,12.898,58941.8,0.173,58942,0.002,58941.3,0.004,58942.1,0.336,58941.2,0.002,58942.2,0.243,58941,0.002,58942.4,0.014,58940.6,0.002,58942.6,0.005,58940.1,0.126,58942.7,0.007,58940,0.268,58943,0.002,58939,0.002,58943.1,0.002,58938.5,0.002,58943.2,0.094,58938.4,0.004,58943.3,0.071,58938,0.081,58943.5,0.204,58937.9,0.005,58944,0.002,58937.8,0.01,58944.4,0.071,58937.3,0.002,58944.5,0.09,58937.1,0.002,58944.7,0.002,58937,0.002,58944.8,0.007,58936.9,0.002,58944.9,0.017,58936.7,0.002,58945,0.056,58936.5,0.136,58945.4,0.002,58936.4,0.082,58945.5,0.337,58936,0.129,58946,0.079,58935.9,0.007,58946.1,0.01,58935.8,0.014,58946.3,0.088,58935.6,0.012,58946.4,0.041,58935.3,0.238
binance-futures,BTCUSDT,1725148803889000,1725148803892093,58938.5,1.437,58938.4,0.003,58938.6,1.175,58938.1,0.048,58939,0.267,58938,0.004,58939.1,11.056,58937.9,0.005,58940,4.715,58937.8,0.01,58940.1,7.313,58937.3,0.002,58940.2,0.577,58937,0.002,58940.3,2.849,58936.9,0.002,58940.6,0.102,58936.4,0.082,58940.8,0.005,58936,0.129,58941,0.002,58935.8,0.014,58941.2,0.006,58935.6,0.012,58941.3,0.179,58935.3,0.42,58941.4,0.499,58935.2,0.046,58941.8,1.182,58935.1,0.01,58941.9,1.918,58935,0.033,58942,0.342,58934.9,0.091,58942.1,0.17,58934.7,0.003,58942.2,0.081,58934.5,0.003,58942.4,0.014,58934.4,0.085,58942.5,0.022,58934.3,0.003,58942.7,0.011,58934.2,0.025,58943,0.002,58934.1,0.271,58943.1,0.002,58934,0.011,58943.2,0.094,58933.9,0.034
binance-futures,BTCUSDT,1725148803940000,1725148803950467,58935.9,0.164,58935.1,0.01,58936.1,12.098,58935,0.011,58936.4,5.171,58934.9,0.091,58936.5,7.806,58934.7,0.003,58937,1.188,58934.3,0.003,58937.1,7.646,58934,0.011,58937.2,3.675,58933.5,2.647,58937.4,0.258,58933.4,5.877,58937.5,0.031,58933.3,0.053,58937.6,0.151,58933.2,0.123,58937.7,5.525,58933,0.917,58937.8,3.797,58932.9,0.004,58938,0.079,58932.6,0.034,58938.1,0.082,58932.5,0.01,58938.2,0.223,58932.4,0.002,58938.5,0.141,58932.1,0.01,58938.8,0.005,58932,0.004,58939,0.002,58931.7,0.282,58939.1,0.08,58931.6,0.009,58940,0.226,58931.3,0.004,58940.1,0.004,58931,0.008,58940.2,0.458,58930.9,0.04,58940.3,0.094,58930.5,0.124,58940.6,0.102,58930.2,0.127,58941,0.004,58930,0.102
binance-futures,BTCUSDT,1725148803991000,1725148803994552,58935,10.208,58934.9,0.981,58935.1,2.308,58934.7,0.003,58935.2,0.207,58934.3,0.003,58935.4,0.218,58934,0.011,58935.7,0.009,58933.8,0.01,58935.9,0.33,58933.5,1.208,58936,0.002,58933.4,5.877,58936.1,0.24,58933.3,0.053,58936.2,0.004,58933.2,0.123,58936.5,0.204,58933,0.917,58936.7,0.051,58932.9,0.002,58937,0.011,58932.5,0.01,58937.1,0.231,58932.4,0.002,58937.2,0.004,58932.1,0.01,58937.3,0.021,58932,0.002,58937.6,0.151,58931.7,0.282,58937.7,0.036,58931.6,0.011,58938,0.079,58931.3,0.004,58938.1,0.08,58931,0.008,58938.2,0.223,58930.9,0.04,58938.4,0.036,58930.5,0.082,58938.5,0.135,58930.2,0.127,58938.6,0.005,58930,0.017,58939,0.002,58929.9,0.003,58939.1,0.08,58929.8,0.052
binance-futures,BTCUSDT,1725148804042000,1725148804045456,58935,8.729,58934.9,6.045,58935.1,1.368,58934.3,0.003,58935.2,0.125,58934,0.011,58935.4,0.218,58933.4,5.877,58935.5,0.063,58933.3,0.051,58935.9,0.33,58933.2,0.123,58936,0.002,58933,1.053,58936.1,0.151,58932.9,0.004,58936.2,0.004,58932.5,0.01,58936.5,0.068,58932.4,0.002,58937,0.011,58932.1,0.01,58937.1,0.151,58932,0.002,58937.2,0.004,58931.7,0.282,58937.3,0.021,58931.3,0.004,58937.6,0.151,58931,0.008,58937.7,0.036,58930.9,0.04,58937.9,0.007,58930.5,0.082,58938,0.079,58930.4,0.002,58938.2,0.151,58930.2,0.127,58938.4,0.036,58930,0.017,58938.5,0.135,58929.9,0.003,58938.6,0.005,58929.8,0.052,58938.8,0.002,58929.7,0.083,58939,0.002,58929.6,0.2,58939.1,0.017,58929.5,0.214
binance-futures,BTCUSDT,1725148804093000,1725148804096989,58935,8.763,58934.9,5.415,58935.1,1.368,58934.3,0.003,58935.2,0.125,58934,0.011,58935.4,0.218,58933.5,1.181,58935.5,0.087,58933.4,5.877,58935.9,0.33,58933.3,0.04,58936,0.002,58933.2,0.123,58936.1,0.151,58933,1.053,58936.2,0.004,58932.9,0.002,58936.5,0.068,58932.5,0.01,58937,0.29,58932.4,0.002,58937.1,0.151,58932.1,0.01,58937.2,0.004,58932,0.002,58937.6,0.151,58931.7,0.282,58937.9,0.007,58931.3,0.004,58938,0.079,58931,0.008,58938.2,0.151,58930.9,0.04,58938.4,0.036,58930.5,0.082,58938.5,0.135,58930.2,0.127,58938.6,0.005,58930,0.017,58938.7,0.331,58929.9,0.003,58938.8,0.002,58929.8,0.052,58939,0.002,58929.7,0.083,58939.1,0.017,58929.6,0.2,58939.2,0.063,58929.5,0.214
binance-futures,BTCUSDT,1725148804145000,1725148804148564,58935,9.999,58934.9,5.147,58935.1,1.368,58934.3,0.003,58935.2,0.125,58934,0.011,58935.4,0.218,58933.4,5.877,58935.5,0.087,58933.3,0.04,58935.9,0.33,58933.2,0.077,58936,0.002,58933,1.053,58936.1,0.151,58932.9,0.002,58936.2,0.004,58932.5,0.01,58936.5,0.068,58932.4,0.002,58937,0.011,58932.1,0.01,58937.1,0.151,58932,0.002,58937.2,0.004,58931.7,0.122,58937.6,0.151,58931.3,0.004,58937.9,0.007,58931,0.008,58938,0.096,58930.9,0.04,58938.2,0.151,58930.6,0.01,58938.4,0.036,58930.5,0.082,58938.5,0.135,58930.2,0.127,58938.6,0.005,58930,0.017,58938.8,0.002,58929.9,0.003,58939,0.002,58929.8,0.052,58939.2,0.063,58929.7,0.083,58940,0.226,58929.6,0.2,58940.1,0.004,58929.5,0.214
binance-futures,BTCUSDT,1725148804197000,1725148804200898,58935,10.719,58934.9,5.189,58935.1,1.368,58934.3,0.003,58935.2,0.125,58934,0.011,58935.4,0.218,58933.5,0.988,58935.5,0.087,58933.4,5.877,58935.9,0.33,58933.3,0.04,58936,0.002,58933,0.138,58936.1,0.153,58932.9,0.002,58936.2,0.004,58932.5,0.01,58936.5,0.068,58932.4,0.002,58937,0.011,58932.1,0.01,58937.1,0.151,58932,0.002,58937.2,0.004,58931.7,0.122,58937.6,0.151,58931.3,0.004,58937.9,0.007,58931,0.008,58938,0.096,58930.9,0.04,58938.2,0.151,58930.6,0.01,58938.4,0.036,58930.5,0.082,58938.5,0.135,58930.2,0.127,58938.6,0.005,58930,0.017,58938.8,0.002,58929.9,0.003,58939,0.002,58929.8,0.052,58939.2,0.063,58929.7,0.083,58940,0.226,58929.6,0.2,58940.1,0.004,58929.5,0.214
binance-futures,BTCUSDT,1725148804249000,1725148804253082,58935,10.022,58934.9,5.311,58935.1,1.368,58934.3,0.003,58935.2,0.125,58934,0.011,58935.4,0.218,58933.5,0.988,58935.5,0.087,58933.4,5.877,58935.9,0.33,58933.3,0.04,58936,0.002,58933,0.138,58936.1,0.153,58932.9,0.002,58936.2,0.006,58932.5,0.01,58936.5,0.068,58932.4,0.002,58937,0.011,58932.1,0.01,58937.1,0.151,58932,0.002,58937.2,0.004,58931.7,0.002,58937.6,0.151,58931.3,0.004,58937.8,0.002,58931,0.008,58937.9,0.338,58930.9,0.04,58938,0.096,58930.6,0.049,58938.2,0.151,58930.5,0.042,58938.4,0.036,58930.2,0.127,58938.5,0.135,58930,0.017,58938.6,0.005,58929.9,0.003,58938.8,0.002,58929.8,0.052,58939,0.002,58929.7,0.083,58939.2,0.063,58929.6,0.2,58939.3,0.002,58929.5,0.214
binance-futures,BTCUSDT,1725148804300000,1725148804302941,58935,9.538,58934.9,5.157,58935.1,1.368,58934.3,0.003,58935.2,0.125,58934,0.011,58935.4,0.218,58933.5,0.988,58935.5,0.024,58933.4,5.877,58935.9,0.33,58933,0.138,58936,0.002,58932.9,0.002,58936.1,0.153,58932.5,0.01,58936.2,0.006,58932.4,0.002,58936.5,0.068,58932.1,0.01,58937,0.002,58932,0.002,58937.1,0.151,58931.7,0.002,58937.2,0.004,58931.3,0.004,58937.6,0.151,58931,0.008,58937.8,0.002,58930.6,0.049,58937.9,0.338,58930.5,0.002,58938,0.096,58930.2,0.127,58938.2,0.151,58930,0.017,58938.4,0.036,58929.9,0.003,58938.5,0.135,58929.8,0.012,58938.6,0.005,58929.7,0.083,58938.8,0.002,58929.6,0.2,58939,0.002,58929.5,0.214,58939.2,0.063,58929.1,0.034,58939.3,0.002,58929,0.061
binance-futures,BTCUSDT,1725148804352000,1725148804355113,58935,10.225,58934.9,5.041,58935.1,1.368,58934.3,0.003,58935.2,0.125,58934,0.011,58935.4,0.218,58933.5,0.988,58935.5,0.024,58933.4,5.877,58935.9,0.33,58933,0.138,58936,0.002,58932.9,0.002,58936.1,0.153,58932.5,0.01,58936.2,0.006,58932.4,0.002,58936.5,0.068,58932.1,0.01,58937,0.002,58932,0.002,58937.1,0.151,58931.7,0.002,58937.2,0.004,58931.3,0.004,58937.6,0.151,58931,0.008,58937.8,0.002,58930.6,0.049,58937.9,0.338,58930.5,0.002,58938,0.096,58930.2,0.127,58938.2,0.151,58930,0.017,58938.4,0.036,58929.9,0.003,58938.5,0.135,58929.8,0.012,58938.6,0.005,58929.7,0.083,58938.8,0.002,58929.6,0.2,58939,0.002,58929.5,0.214,58939.2,0.063,58929.1,0.034,58939.3,0.002,58929,0.061
binance-futures,BTCUSDT,1725148804405000,1725148804407920,58935,10.112,58934.9,5.407,58935.1,1.368,58934.3,0.003,58935.2,0.125,58934,0.011,58935.4,0.218,58933.5,0.988,58935.5,0.024,58933.4,5.877,58935.9,0.33,58933,0.138,58936,0.002,58932.9,0.002,58936.1,0.153,58932.5,0.01,58936.2,0.006,58932.4,0.002,58936.5,0.068,58932.1,0.01,58937,0.002,58932,0.002,58937.1,0.151,58931.7,0.002,58937.2,0.004,58931.3,0.004,58937.6,0.151,58931,0.008,58937.8,0.002,58930.8,0.002,58937.9,0.338,58930.6,0.049,58938,0.096,58930.5,0.342,58938.2,0.151,58930.2,0.127,58938.4,0.036,58930,0.017,58938.5,0.135,58929.9,0.003,58938.6,0.005,58929.8,0.012,58938.8,0.002,58929.7,0.083,58939,0.002,58929.6,0.2,58939.2,0.063,58929.5,0.214,58939.3,0.002,58929.1,0.034
binance-futures,BTCUSDT,1725148804458000,1725148804462231,58935,10.133,58934.9,4.8,58935.1,1.38,58934.3,0.003,58935.2,0.125,58934,0.011,58935.4,0.218,58933.5,0.988,58935.5,0.024,58933.4,5.877,58935.9,0.351,58933,0.138,58936,0.02,58932.9,0.002,58936.1,0.153,58932.5,0.01,58936.2,0.006,58932.4,0.002,58936.5,0.068,58932.1,0.01,58937,0.045,58932,0.002,58937.1,0.151,58931.7,0.002,58937.2,0.004,58931.3,0.004,58937.6,0.151,58931,0.008,58937.8,0.002,58930.9,0.002,58937.9,0.338,58930.8,0.002,58938,0.096,58930.7,0.16,58938.2,0.151,58930.6,0.049,58938.4,0.036,58930.5,0.342,58938.5,0.135,58930,0.017,58938.6,0.005,58929.9,0.003,58938.8,0.002,58929.8,0.012,58939,0.002,58929.7,0.083,58939.2,0.063,58929.6,0.2,58939.3,0.002,58929.5,0.214
binance-futures,BTCUSDT,1725148804513000,1725148804516070,58935,9.464,58934.9,4.809,58935.1,1.38,58934.3,0.003,58935.2,0.125,58934,0.011,58935.4,0.218,58933.5,0.988,58935.5,0.024,58933.4,5.877,58935.9,0.351,58933,0.138,58936,0.02,58932.9,0.002,58936.1,0.153,58932.5,0.01,58936.2,0.006,58932.4,0.002,58936.5,0.068,58932.1,0.01,58937,0.045,58932,0.002,58937.1,0.151,58931.7,0.002,58937.2,0.004,58931.3,0.004,58937.6,0.151,58931,0.008,58937.8,0.002,58930.9,0.002,58937.9,0.338,58930.8,0.002,58938,0.096,58930.7,0.16,58938.2,0.151,58930.6,0.049,58938.4,0.036,58930.5,0.342,58938.5,0.135,58930,0.017,58938.6,0.005,58929.9,0.003,58938.8,0.002,58929.8,0.012,58939,0.002,58929.7,0.083,58939.2,0.063,58929.6,0.2,58939.3,0.002,58929.5,0.214
binance-futures,BTCUSDT,1725148804566000,1725148804569729,58935,9.464,58934.9,4.329,58935.1,1.38,58934.3,0.003,58935.2,0.125,58934,0.011,58935.4,0.218,58933.5,0.988,58935.5,0.024,58933.4,5.877,58935.9,0.351,58933,0.138,58936,0.02,58932.9,0.002,58936.1,0.153,58932.5,0.01,58936.2,0.004,58932.4,0.002,58936.5,0.068,58932.1,0.01,58937,0.045,58932,0.002,58937.1,0.151,58931.9,0.266,58937.2,0.004,58931.7,0.002,58937.6,0.151,58931.3,0.004,58937.8,0.002,58931,0.008,58937.9,0.338,58930.9,0.002,58938,0.096,58930.8,0.002,58938.2,0.151,58930.7,0.16,58938.4,0.036,58930.6,0.049,58938.5,0.135,58930.5,0.342,58938.6,0.005,58930,0.017,58938.8,0.002,58929.9,0.003,58939,0.002,58929.8,0.012,58939.2,0.063,58929.7,0.083,58939.3,0.002,58929.6,0.2
binance-futures,BTCUSDT,1725148804617000,1725148804619465,58935,9.464,58934.9,4.293,58935.1,1.38,58934.3,0.003,58935.2,0.125,58934,0.011,58935.4,0.218,58933.5,0.988,58935.5,0.024,58933.4,5.877,58935.9,0.351,58933,0.138,58936,0.02,58932.9,0.002,58936.1,0.153,58932.5,0.01,58936.2,0.004,58932.4,0.002,58936.5,0.068,58932.1,0.01,58937,0.045,58932,0.002,58937.1,0.151,58931.9,0.266,58937.2,0.004,58931.7,0.002,58937.6,0.151,58931.3,0.004,58937.8,0.002,58931,0.008,58937.9,0.338,58930.9,0.002,58938,0.096,58930.8,0.002,58938.2,0.151,58930.7,0.16,58938.4,0.036,58930.6,0.049,58938.5,0.135,58930.5,0.342,58938.6,0.005,58930,0.017,58938.8,0.002,58929.9,0.003,58939,0.002,58929.8,0.012,58939.2,0.063,58929.7,0.083,58939.3,0.002,58929.6,0.2
binance-futures,BTCUSDT,1725148804668000,1725148804671110,58935,9.464,58934.9,4.293,58935.1,1.38,58934.3,0.003,58935.2,0.125,58934,0.011,58935.4,0.218,58933.5,0.988,58935.5,0.024,58933.4,5.877,58935.9,0.351,58933.3,0.004,58936,0.02,58933,0.138,58936.1,0.153,58932.9,0.002,58936.2,0.004,58932.5,0.01,58936.5,0.068,58932.4,0.002,58937,0.045,58932.1,0.01,58937.1,0.151,58932,0.002,58937.2,0.004,58931.9,0.266,58937.6,0.154,58931.7,0.002,58937.8,0.002,58931.3,0.004,58937.9,0.338,58931,0.008,58938,0.098,58930.9,0.002,58938.2,0.151,58930.8,0.002,58938.5,0.135,58930.7,0.16,58938.6,0.005,58930.6,0.049,58938.8,0.002,58930.5,0.002,58939,0.002,58930,0.017,58939.2,0.063,58929.9,0.003,58939.3,0.002,58929.8,0.012,58939.5,0.002,58929.7,0.083
binance-futures,BTCUSDT,1725148804720000,1725148804722526,58935,9.464,58934.9,4.291,58935.1,1.38,58934.3,0.003,58935.2,0.125,58934,0.011,58935.4,0.218,58933.5,0.988,58935.5,0.024,58933.4,5.877,58935.9,0.351,58933.3,0.004,58936,0.02,58933,0.138,58936.1,0.153,58932.9,0.002,58936.2,0.006,58932.5,0.01,58936.5,0.068,58932.4,0.002,58937,0.045,58932.1,0.01,58937.1,0.151,58932,0.002,58937.2,0.004,58931.9,0.266,58937.6,0.154,58931.7,0.002,58937.8,0.002,58931.3,0.004,58937.9,0.338,58931,0.008,58938,0.098,58930.9,0.002,58938.2,0.151,58930.8,0.002,58938.5,0.135,58930.6,0.049,58938.6,0.005,58930.5,0.002,58938.8,0.002,58930,0.017,58939,0.002,58929.9,0.003,58939.2,0.063,58929.8,0.012,58939.3,0.002,58929.7,0.083,58939.5,0.002,58929.6,0.2
binance-futures,BTCUSDT,1725148804824000,1725148804827218,58935,6.669,58934.9,5.343,58935.1,1.38,58934.3,0.003,58935.2,0.125,58934,0.011,58935.4,0.218,58933.5,0.988,58935.5,0.024,58933.4,5.877,58935.9,0.351,58933.3,0.004,58936,0.02,58933,0.206,58936.1,0.153,58932.9,0.002,58936.2,0.006,58932.5,0.004,58936.5,0.068,58932.4,0.002,58937,0.458,58932.1,0.01,58937.1,0.151,58932,0.002,58937.2,0.004,58931.9,0.266,58937.6,0.154,58931.7,0.002,58937.8,0.002,58931.3,0.004,58937.9,0.007,58931,0.008,58938,0.096,58930.9,0.002,58938.2,0.151,58930.8,0.002,58938.5,0.135,58930.6,0.049,58938.6,0.005,58930.5,0.002,58938.8,0.002,58930,0.017,58939,0.002,58929.9,0.003,58939.2,0.063,58929.8,0.012,58939.3,0.002,58929.7,0.083,58939.5,0.002,58929.6,0.2
binance-futures,BTCUSDT,1725148804875000,1725148804878480,58935,6.45,58934.9,5.421,58935.1,0.191,58934.3,0.003,58935.2,0.125,58934,0.011,58935.4,0.218,58933.5,0.988,58935.5,0.024,58933.4,5.877,58935.9,0.351,58933.3,0.004,58936,0.02,58933,0.206,58936.1,0.153,58932.9,0.002,58936.2,0.006,58932.5,0.004,58937,0.045,58932.4,0.002,58937.1,0.151,58932,0.002,58937.2,0.004,58931.9,0.266,58937.6,0.151,58931.7,0.002,58937.8,0.002,58931.3,0.004,58937.9,0.007,58931,0.008,58938,0.096,58930.9,0.002,58938.2,0.151,58930.8,0.002,58938.4,0.283,58930.6,0.049,58938.5,0.138,58930.5,0.002,58938.6,0.005,58930,0.017,58938.8,0.002,58929.9,0.003,58939,0.002,58929.8,0.012,58939.2,0.063,58929.7,0.083,58939.3,0.002,58929.6,0.2,58939.5,0.002,58929.5,0.214
