exchange,symbol,timestamp,local_timestamp,is_snapshot,side,price,amount
binance-futures,ETHUSDC,1725148800039000,1725148802037914,true,ask,2511.86,17.856
binance-futures,ETHUSDC,1725148800039000,1725148802037914,true,ask,2511.9,0.796
binance-futures,ETHUSDC,1725148800039000,1725148802037914,true,ask,2511.95,0.05
binance-futures,ETHUSDC,1725148800039000,1725148802037914,true,ask,2511.96,3.69
binance-futures,ETHUSDC,1725148800039000,1725148802037914,true,ask,2511.97,5.971
binance-futures,ETHUSDC,1725148800039000,1725148802037914,true,ask,2511.99,5.655
binance-futures,ETHUSDC,1725148800039000,1725148802037914,true,ask,2512,10.798
binance-futures,ETHUSDC,1725148800039000,1725148802037914,true,ask,2512.03,2.613
binance-futures,ETHUSDC,1725148800039000,1725148802037914,true,ask,2512.05,0.05
binance-futures,ETHUSDC,1725148800039000,1725148802037914,true,ask,2512.06,1.361
binance-futures,ETHUSDC,1725148800039000,1725148802037914,true,ask,2512.08,11.142
binance-futures,ETHUSDC,1725148800039000,1725148802037914,true,ask,2512.1,0.846
binance-futures,ETHUSDC,1725148800039000,1725148802037914,true,ask,2512.12,0.995
binance-futures,ETHUSDC,1725148800039000,1725148802037914,true,ask,2512.13,11.142
binance-futures,ETHUSDC,1725148800039000,1725148802037914,true,ask,2512.14,0.152
binance-futures,ETHUSDC,1725148800039000,1725148802037914,true,ask,2512.15,0.05
binance-futures,ETHUSDC,1725148800039000,1725148802037914,true,ask,2512.16,0.597
binance-futures,ETHUSDC,1725148800039000,1725148802037914,true,ask,2512.19,5.064
binance-futures,ETHUSDC,1725148800039000,1725148802037914,true,ask,2512.2,0.846
binance-futures,ETHUSDC,1725148800039000,1725148802037914,true,ask,2512.23,0.741
binance-futures,ETHUSDC,1725148800039000,1725148802037914,true,ask,2512.24,11.141
binance-futures,ETHUSDC,1725148800039000,1725148802037914,true,ask,2512.25,2.287
binance-futures,ETHUSDC,1725148800039000,1725148802037914,true,ask,2512.26,0.012
binance-futures,ETHUSDC,1725148800039000,1725148802037914,true,ask,2512.27,0.554
binance-futures,ETHUSDC,1725148800039000,1725148802037914,true,ask,2512.28,0.01
binance-futures,ETHUSDC,1725148800039000,1725148802037914,true,ask,2512.29,0.041
binance-futures,ETHUSDC,1725148800039000,1725148802037914,true,ask,2512.3,4.951
binance-futures,ETHUSDC,1725148800039000,1725148802037914,true,ask,2512.33,5.969
binance-futures,ETHUSDC,1725148800039000,1725148802037914,true,ask,2512.34,0.1
binance-futures,ETHUSDC,1725148800039000,1725148802037914,true,ask,2512.35,0.05
binance-futures,ETHUSDC,1725148800039000,1725148802037914,true,ask,2512.37,0.21
binance-futures,ETHUSDC,1725148800039000,1725148802037914,true,ask,2512.38,0.099
binance-futures,ETHUSDC,1725148800039000,1725148802037914,true,ask,2512.39,0.413
binance-futures,ETHUSDC,1725148800039000,1725148802037914,true,ask,2512.4,2.699
binance-futures,ETHUSDC,1725148800039000,1725148802037914,true,ask,2512.41,2.985
binance-futures,ETHUSDC,1725148800039000,1725148802037914,true,ask,2512.42,0.1
binance-futures,ETHUSDC,1725148800039000,1725148802037914,true,ask,2512.43,0.155
binance-futures,ETHUSDC,1725148800039000,1725148802037914,true,ask,2512.45,0.05
binance-futures,ETHUSDC,1725148800039000,1725148802037914,true,ask,2512.47,7.527
binance-futures,ETHUSDC,1725148800039000,1725148802037914,true,ask,2512.49,3.833
binance-futures,ETHUSDC,1725148800039000,1725148802037914,true,ask,2512.5,0.846
binance-futures,ETHUSDC,1725148800039000,1725148802037914,true,ask,2512.51,16.719
binance-futures,ETHUSDC,1725148800039000,1725148802037914,true,ask,2512.54,2.785
binance-futures,ETHUSDC,1725148800039000,1725148802037914,true,ask,2512.55,0.05
binance-futures,ETHUSDC,1725148800039000,1725148802037914,true,ask,2512.56,2.785
binance-futures,ETHUSDC,1725148800039000,1725148802037914,true,ask,2512.59,4.485
binance-futures,ETHUSDC,1725148800039000,1725148802037914,true,ask,2512.6,9.065
binance-futures,ETHUSDC,1725148800039000,1725148802037914,true,ask,2512.64,3.991
binance-futures,ETHUSDC,1725148800039000,1725148802037914,true,ask,2512.65,0.05
binance-futures,ETHUSDC,1725148800039000,1725148802037914,true,ask,2512.66,4.384
binance-futures,ETHUSDC,1725148800039000,1725148802037914,true,ask,2512.7,0.05
binance-futures,ETHUSDC,1725148800039000,1725148802037914,true,ask,2512.72,6.036
binance-futures,ETHUSDC,1725148800039000,1725148802037914,true,ask,2512.75,16.476
binance-futures,ETHUSDC,1725148800039000,1725148802037914,true,ask,2512.76,0.012
binance-futures,ETHUSDC,1725148800039000,1725148802037914,true,ask,2512.77,17.717
binance-futures,ETHUSDC,1725148800039000,1725148802037914,true,ask,2512.78,16.367
binance-futures,ETHUSDC,1725148800039000,1725148802037914,true,ask,2512.79,2.013
binance-futures,ETHUSDC,1725148800039000,1725148802037914,true,ask,2512.8,0.163
binance-futures,ETHUSDC,1725148800039000,1725148802037914,true,ask,2512.85,6.416
binance-futures,ETHUSDC,1725148800039000,1725148802037914,true,ask,2512.89,1.203
binance-futures,ETHUSDC,1725148800039000,1725148802037914,true,ask,2512.9,0.05
binance-futures,ETHUSDC,1725148800039000,1725148802037914,true,ask,2512.91,2.487
binance-futures,ETHUSDC,1725148800039000,1725148802037914,true,ask,2512.93,10.5
binance-futures,ETHUSDC,1725148800039000,1725148802037914,true,ask,2512.94,0.008
binance-futures,ETHUSDC,1725148800039000,1725148802037914,true,ask,2512.95,5.488
binance-futures,ETHUSDC,1725148800039000,1725148802037914,true,ask,2512.96,12.076
binance-futures,ETHUSDC,1725148800039000,1725148802037914,true,ask,2512.98,0.403
binance-futures,ETHUSDC,1725148800039000,1725148802037914,true,ask,2512.99,2.228
binance-futures,ETHUSDC,1725148800039000,1725148802037914,true,ask,2513,8.269
binance-futures,ETHUSDC,1725148800039000,1725148802037914,true,ask,2513.01,0.41
binance-futures,ETHUSDC,1725148800039000,1725148802037914,true,ask,2513.04,3.234
binance-futures,ETHUSDC,1725148800039000,1725148802037914,true,ask,2513.05,0.058
binance-futures,ETHUSDC,1725148800039000,1725148802037914,true,ask,2513.06,2.866
binance-futures,ETHUSDC,1725148800039000,1725148802037914,true,ask,2513.07,8.1
binance-futures,ETHUSDC,1725148800039000,1725148802037914,true,ask,2513.08,0.398
binance-futures,ETHUSDC,1725148800039000,1725148802037914,true,ask,2513.09,7.177
binance-futures,ETHUSDC,1725148800039000,1725148802037914,true,ask,2513.1,0.05
binance-futures,ETHUSDC,1725148800039000,1725148802037914,true,ask,2513.15,0.05
binance-futures,ETHUSDC,1725148800039000,1725148802037914,true,ask,2513.2,2.267
binance-futures,ETHUSDC,1725148800039000,1725148802037914,true,ask,2513.21,0.05
binance-futures,ETHUSDC,1725148800039000,1725148802037914,true,ask,2513.23,1.748
binance-futures,ETHUSDC,1725148800039000,1725148802037914,true,ask,2513.24,3.82
binance-futures,ETHUSDC,1725148800039000,1725148802037914,true,ask,2513.26,5.673
binance-futures,ETHUSDC,1725148800039000,1725148802037914,true,ask,2513.27,0.403
binance-futures,ETHUSDC,1725148800039000,1725148802037914,true,ask,2513.28,2.59
binance-futures,ETHUSDC,1725148800039000,1725148802037914,true,ask,2513.31,0.05
binance-futures,ETHUSDC,1725148800039000,1725148802037914,true,ask,2513.33,2.013
binance-futures,ETHUSDC,1725148800039000,1725148802037914,true,ask,2513.36,0.448
binance-futures,ETHUSDC,1725148800039000,1725148802037914,true,ask,2513.37,48.591
binance-futures,ETHUSDC,1725148800039000,1725148802037914,true,ask,2513.38,0.398
binance-futures,ETHUSDC,1725148800039000,1725148802037914,true,ask,2513.4,0.014
binance-futures,ETHUSDC,1725148800039000,1725148802037914,true,ask,2513.41,2.039
binance-futures,ETHUSDC,1725148800039000,1725148802037914,true,ask,2513.44,0.019
binance-futures,ETHUSDC,1725148800039000,1725148802037914,true,ask,2513.45,41.002
binance-futures,ETHUSDC,1725148800039000,1725148802037914,true,ask,2513.46,0.05
binance-futures,ETHUSDC,1725148800039000,1725148802037914,true,ask,2513.47,16.367
binance-futures,ETHUSDC,1725148800039000,1725148802037914,true,ask,2513.49,2.23
binance-futures,ETHUSDC,1725148800039000,1725148802037914,true,ask,2513.51,0.062
binance-futures,ETHUSDC,1725148800039000,1725148802037914,true,ask,2513.53,6.771
